{"cameraMode":{"drawMode":0,"name":"Shaded","section":"Shading Mode"},"sceneLighting":false,"audioPlay":false,"sceneViewState":{"showFog":true,"showMaterialUpdate":false,"showSkybox":true,"showFlares":true,"showImageEffects":true,"showParticleSystems":true},"in2DMode":false,"pivot":{"x":-0.7509999871253967,"y":1.059999942779541,"z":-0.03799998760223389},"rotation":{"x":-0.2014702409505844,"y":-0.7621400356292725,"z":0.2803640365600586,"w":-0.5476754903793335},"size":2.1634461879730226,"orthographic":true}