{"cameraMode":{"drawMode":0,"name":"Shaded","section":"Shading Mode"},"sceneLighting":false,"audioPlay":false,"sceneViewState":{"showFog":true,"showMaterialUpdate":false,"showSkybox":true,"showFlares":true,"showImageEffects":true,"showParticleSystems":true},"in2DMode":false,"pivot":{"x":-0.29663780331611636,"y":1.466796875,"z":4.96469259262085},"rotation":{"x":-0.7071068286895752,"y":3.5288730271254567e-11,"z":-3.5288730271254567e-11,"w":-0.7071068286895752},"size":5.786203861236572,"orthographic":true}