{"cameraMode":{"drawMode":0,"name":"Shaded","section":"Shading Mode"},"sceneLighting":false,"audioPlay":false,"sceneViewState":{"showFog":true,"showMaterialUpdate":false,"showSkybox":true,"showFlares":true,"showImageEffects":true,"showParticleSystems":true},"in2DMode":false,"pivot":{"x":10.112435340881348,"y":-0.38201630115509035,"z":-6.891030311584473},"rotation":{"x":0.0374145470559597,"y":0.6253466010093689,"z":-0.030039731413125993,"w":0.7788705825805664},"size":11.721907615661621,"orthographic":false}