{"cameraMode":{"drawMode":0,"name":"Shaded","section":"Shading Mode"},"sceneLighting":true,"audioPlay":false,"sceneViewState":{"showFog":true,"showMaterialUpdate":false,"showSkybox":true,"showFlares":true,"showImageEffects":true,"showParticleSystems":true},"in2DMode":false,"pivot":{"x":0.0,"y":0.7070412635803223,"z":0.9950001239776611},"rotation":{"x":0.06417147815227509,"y":-0.09356574714183808,"z":0.0060423677787184719,"w":0.9935244917869568},"size":8.42036247253418,"orthographic":true}